"GENCOD";"CODCLA";"LIBCLA";"CODFAM";"LIBFAM";"CODTYPPDT";"LIBTYPPDT"
"9999991005129";"TER";"TERMINAUX STD";"SU";"Carte SIM UM";"SIM";"Carte SIM"
"9999991005198";"TEROC";"TX D'OCCASION";"PP";"Kit de pret";"KDP";"Kit de pret"
"3526356028286";"TER";"TERMINAUX STD";"SF";"Carte SIM Forfait";"SIM";"Carte SIM"
"3526356023687";"TER";"TERMINAUX STD";"SF";"Carte SIM Forfait";"SIM";"Carte SIM"
"3526356025216";"TER";"TERMINAUX STD";"SF";"Carte SIM Forfait";"SIM";"Carte SIM"
"3526356025223";"TER";"TERMINAUX STD";"SN";"Carte Bouygues Telecom";"SIM";"Carte SIM"
"3526356025230";"TER";"TERMINAUX STD";"SU";"Carte SIM UM";"SIM";"Carte SIM"
"3526356025247";"TER";"TERMINAUX STD";"SF";"Carte SIM Forfait";"SIM";"Carte SIM"
"3526356026848";"TER";"TERMINAUX STD";"SN";"Carte Bouygues Telecom";"SIM";"Carte SIM"
"3526356028019";"TER";"TERMINAUX STD";"SN";"Carte Bouygues Telecom";"SIM";"Carte SIM"
"3526356028026";"TER";"TERMINAUX STD";"SU";"Carte SIM UM";"SIM";"Carte SIM"
"3526356022123";"TER";"TERMINAUX STD";"SF";"Carte SIM Forfait";"SIM";"Carte SIM"
"3526356018881";"TER";"TERMINAUX STD";"SU";"Carte SIM UM";"SIM";"Carte SIM"
"3526356013848";"TER";"TERMINAUX STD";"SN";"Carte Bouygues Telecom";"SIM";"Carte SIM"
"3526353066458";"TERHD";"TERMINAUX HAUT DEBIT";"PP";"Kit de pret";"KDP";"Kit de pret"
"3526353066472";"TER";"TERMINAUX STD";"PP";"Kit de pret";"KDP";"Kit de pret"
"3526353066496";"TER";"TERMINAUX STD";"PP";"Kit de pret";"KDP";"Kit de pret"
"3526353066519";"TER";"TERMINAUX STD";"PP";"Kit de pret";"KDP";"Kit de pret"
"3526353066533";"TER";"TERMINAUX STD";"PP";"Kit de pret";"KDP";"Kit de pret"
"3526353066557";"TEROC";"TX D'OCCASION";"PP";"Kit de pret";"KDP";"Kit de pret"
"3526353066915";"TER";"TERMINAUX STD";"PP";"Kit de pret";"KDP";"Kit de pret"
"3526353066946";"TER";"TERMINAUX STD";"PP";"Kit de pret";"KDP";"Kit de pret"
"3526353066984";"TER";"TERMINAUX STD";"PP";"Kit de pret";"KDP";"Kit de pret"
"3526353067028";"TERIM";"TERMINAUX IMODE";"PP";"Kit de pret";"KDP";"Kit de pret"
"3526353067042";"TER";"TERMINAUX STD";"PP";"Kit de pret";"KDP";"Kit de pret"
"3526353067509";"TERIM";"TERMINAUX IMODE";"PP";"Kit de pret";"KDP";"Kit de pret"
"3526353067998";"TERIM";"TERMINAUX IMODE";"PP";"Kit de pret";"KDP";"Kit de pret"
"3526353064706";"TER";"TERMINAUX STD";"PP";"Kit de pret";"KDP";"Kit de pret"
"3526353065864";"TER";"TERMINAUX STD";"PP";"Kit de pret";"KDP";"Kit de pret"
"3526353065932";"TER";"TERMINAUX STD";"PP";"Kit de pret";"KDP";"Kit de pret"
"3526353065956";"TER";"TERMINAUX STD";"PP";"Kit de pret";"KDP";"Kit de pret"
"3526353062115";"TER";"TERMINAUX STD";"PP";"Kit de pret";"KDP";"Kit de pret"
"3526353062863";"TER";"TERMINAUX STD";"PP";"Kit de pret";"KDP";"Kit de pret"
"3526353062887";"TERIM";"TERMINAUX IMODE";"PP";"Kit de pret";"KDP";"Kit de pret"
"3526353062986";"TER";"TERMINAUX STD";"PP";"Kit de pret";"KDP";"Kit de pret"
"3526353063174";"TERIM";"TERMINAUX IMODE";"PP";"Kit de pret";"KDP";"Kit de pret"
"3526353063501";"TER";"TERMINAUX STD";"PP";"Kit de pret";"KDP";"Kit de pret"
"3526353063549";"TER";"TERMINAUX STD";"PP";"Kit de pret";"KDP";"Kit de pret"
"3526353063594";"TER";"TERMINAUX STD";"PP";"Kit de pret";"KDP";"Kit de pret"
"3526353063617";"TER";"TERMINAUX STD";"PP";"Kit de pret";"KDP";"Kit de pret"
"3526353063662";"TER";"TERMINAUX STD";"PP";"Kit de pret";"KDP";"Kit de pret"
"3526353059429";"TERIM";"TERMINAUX IMODE";"PP";"Kit de pret";"KDP";"Kit de pret"
"3526353059443";"TER";"TERMINAUX STD";"PP";"Kit de pret";"KDP";"Kit de pret"
"3526353059450";"TER";"TERMINAUX STD";"PP";"Kit de pret";"KDP";"Kit de pret"
"3526353059467";"TER";"TERMINAUX STD";"PP";"Kit de pret";"KDP";"Kit de pret"
"3526353059504";"TEROC";"TX D'OCCASION";"PP";"Kit de pret";"KDP";"Kit de pret"
"3526353059528";"TERIM";"TERMINAUX IMODE";"PP";"Kit de pret";"KDP";"Kit de pret"
"3526353059535";"TERHD";"TERMINAUX HAUT DEBIT";"PP";"Kit de pret";"KDP";"Kit de pret"
"3526353059924";"TER";"TERMINAUX STD";"PP";"Kit de pret";"KDP";"Kit de pret"
"3526353060180";"TERIM";"TERMINAUX IMODE";"PP";"Kit de pret";"KDP";"Kit de pret"
"3526353060333";"TER";"TERMINAUX STD";"PP";"Kit de pret";"KDP";"Kit de pret"
"3526353061279";"TER";"TERMINAUX STD";"PP";"Kit de pret";"KDP";"Kit de pret"
"3526353061293";"TER";"TERMINAUX STD";"PP";"Kit de pret";"KDP";"Kit de pret"
"3526353061316";"TER";"TERMINAUX STD";"PP";"Kit de pret";"KDP";"Kit de pret"
"3526353061330";"TER";"TERMINAUX STD";"PP";"Kit de pret";"KDP";"Kit de pret"
"3526353061354";"TER";"TERMINAUX STD";"PP";"Kit de pret";"KDP";"Kit de pret"
"3526353061392";"TER";"TERMINAUX STD";"PP";"Kit de pret";"KDP";"Kit de pret"
"3526353061415";"TER";"TERMINAUX STD";"PP";"Kit de pret";"KDP";"Kit de pret"
"3526353061439";"TER";"TERMINAUX STD";"PP";"Kit de pret";"KDP";"Kit de pret"
"3526353056800";"TEROC";"TX D'OCCASION";"PP";"Kit de pret";"KDP";"Kit de pret"
"3526353057036";"TER";"TERMINAUX STD";"PP";"Kit de pret";"KDP";"Kit de pret"
"3526353057357";"TER";"TERMINAUX STD";"PP";"Kit de pret";"KDP";"Kit de pret"
"3526353057456";"TER";"TERMINAUX STD";"PP";"Kit de pret";"KDP";"Kit de pret"
"3526353057463";"TERHD";"TERMINAUX HAUT DEBIT";"PP";"Kit de pret";"KDP";"Kit de pret"
"3526353057760";"TER";"TERMINAUX STD";"PP";"Kit de pret";"KDP";"Kit de pret"
"3526353057791";"TEROC";"TX D'OCCASION";"PP";"Kit de pret";"KDP";"Kit de pret"
"3526353057807";"TER";"TERMINAUX STD";"PP";"Kit de pret";"KDP";"Kit de pret"
"3526353057814";"TER";"TERMINAUX STD";"PP";"Kit de pret";"KDP";"Kit de pret"
"3526353057821";"TER";"TERMINAUX STD";"PP";"Kit de pret";"KDP";"Kit de pret"
"3526353057937";"TEROC";"TX D'OCCASION";"PP";"Kit de pret";"KDP";"Kit de pret"
"3526353057951";"TER";"TERMINAUX STD";"PP";"Kit de pret";"KDP";"Kit de pret"
"3526353058781";"TER";"TERMINAUX STD";"PP";"Kit de pret";"KDP";"Kit de pret"
"3526353058859";"TER";"TERMINAUX STD";"PP";"Kit de pret";"KDP";"Kit de pret"
"3526353058866";"TEROC";"TX D'OCCASION";"PP";"Kit de pret";"KDP";"Kit de pret"
"3526353058873";"TER";"TERMINAUX STD";"PP";"Kit de pret";"KDP";"Kit de pret"
"3526353058880";"TEROC";"TX D'OCCASION";"PP";"Kit de pret";"KDP";"Kit de pret"
"3526353058897";"TER";"TERMINAUX STD";"PP";"Kit de pret";"KDP";"Kit de pret"
"3526353055094";"TER";"TERMINAUX STD";"PP";"Kit de pret";"KDP";"Kit de pret"
"3526353055278";"TER";"TERMINAUX STD";"PP";"Kit de pret";"KDP";"Kit de pret"
"3526353055292";"TER";"TERMINAUX STD";"PP";"Kit de pret";"KDP";"Kit de pret"
"3526353055315";"TER";"TERMINAUX STD";"PP";"Kit de pret";"KDP";"Kit de pret"
"3526353055346";"TER";"TERMINAUX STD";"PP";"Kit de pret";"KDP";"Kit de pret"
"3526353055490";"TERIM";"TERMINAUX IMODE";"PP";"Kit de pret";"KDP";"Kit de pret"
"3526353055513";"TER";"TERMINAUX STD";"PP";"Kit de pret";"KDP";"Kit de pret"
"3526353056138";"TER";"TERMINAUX STD";"PP";"Kit de pret";"KDP";"Kit de pret"
"3526353056145";"TER";"TERMINAUX STD";"PP";"Kit de pret";"KDP";"Kit de pret"
"3526353056152";"TER";"TERMINAUX STD";"PP";"Kit de pret";"KDP";"Kit de pret"
"3526353056169";"TERIM";"TERMINAUX IMODE";"PP";"Kit de pret";"KDP";"Kit de pret"
"3526353056176";"TERIM";"TERMINAUX IMODE";"PP";"Kit de pret";"KDP";"Kit de pret"
"3526353056183";"TER";"TERMINAUX STD";"PP";"Kit de pret";"KDP";"Kit de pret"
"3526353051652";"TER";"TERMINAUX STD";"PP";"Kit de pret";"KDP";"Kit de pret"
"3526353051669";"TEROC";"TX D'OCCASION";"PP";"Kit de pret";"KDP";"Kit de pret"
"3526353051676";"TER";"TERMINAUX STD";"PP";"Kit de pret";"KDP";"Kit de pret"
"3526353052390";"TEROC";"TX D'OCCASION";"PP";"Kit de pret";"KDP";"Kit de pret"
"3526353052529";"TEROC";"TX D'OCCASION";"PP";"Kit de pret";"KDP";"Kit de pret"
"3526353052673";"TER";"TERMINAUX STD";"PP";"Kit de pret";"KDP";"Kit de pret"
"3526353052857";"TERIM";"TERMINAUX IMODE";"PP";"Kit de pret";"KDP";"Kit de pret"
"3526353052864";"TER";"TERMINAUX STD";"PP";"Kit de pret";"KDP";"Kit de pret"
"3526353053304";"TER";"TERMINAUX STD";"PP";"Kit de pret";"KDP";"Kit de pret"
"3526353053342";"TERIM";"TERMINAUX IMODE";"PP";"Kit de pret";"KDP";"Kit de pret"
"3526353053397";"TER";"TERMINAUX STD";"PP";"Kit de pret";"KDP";"Kit de pret"
"3526353053489";"TEROC";"TX D'OCCASION";"PP";"Kit de pret";"KDP";"Kit de pret"
"3526353053502";"TERHD";"TERMINAUX HAUT DEBIT";"PP";"Kit de pret";"KDP";"Kit de pret"
"3526353053557";"TER";"TERMINAUX STD";"PP";"Kit de pret";"KDP";"Kit de pret"
"3526353053731";"TERIM";"TERMINAUX IMODE";"PP";"Kit de pret";"KDP";"Kit de pret"
"3526353054134";"TER";"TERMINAUX STD";"PP";"Kit de pret";"KDP";"Kit de pret"
"3526353054158";"TER";"TERMINAUX STD";"PP";"Kit de pret";"KDP";"Kit de pret"
"3526353054363";"TER";"TERMINAUX STD";"PP";"Kit de pret";"KDP";"Kit de pret"
"3526353054424";"TER";"TERMINAUX STD";"PP";"Kit de pret";"KDP";"Kit de pret"
"3526353054431";"TER";"TERMINAUX STD";"PP";"Kit de pret";"KDP";"Kit de pret"
"3526353054530";"TER";"TERMINAUX STD";"PP";"Kit de pret";"KDP";"Kit de pret"
"3526353054547";"TER";"TERMINAUX STD";"PP";"Kit de pret";"KDP";"Kit de pret"
"3526353054585";"TER";"TERMINAUX STD";"PP";"Kit de pret";"KDP";"Kit de pret"
"3526353049918";"TEROC";"TX D'OCCASION";"PP";"Kit de pret";"KDP";"Kit de pret"
"3526353049949";"TEROC";"TX D'OCCASION";"PP";"Kit de pret";"KDP";"Kit de pret"
"3526353050259";"TER";"TERMINAUX STD";"PP";"Kit de pret";"KDP";"Kit de pret"
"3526353050839";"TEROC";"TX D'OCCASION";"PP";"Kit de pret";"KDP";"Kit de pret"
"3526353050891";"TER";"TERMINAUX STD";"PP";"Kit de pret";"KDP";"Kit de pret"
"3526353050907";"TER";"TERMINAUX STD";"PP";"Kit de pret";"KDP";"Kit de pret"
"3526353050952";"TER";"TERMINAUX STD";"PP";"Kit de pret";"KDP";"Kit de pret"
"3526353051102";"TER";"TERMINAUX STD";"PP";"Kit de pret";"KDP";"Kit de pret"
"3526353051126";"TER";"TERMINAUX STD";"PP";"Kit de pret";"KDP";"Kit de pret"
"3526353051140";"TER";"TERMINAUX STD";"PP";"Kit de pret";"KDP";"Kit de pret"
"3526353051638";"TERIM";"TERMINAUX IMODE";"PP";"Kit de pret";"KDP";"Kit de pret"
"3526353051645";"TER";"TERMINAUX STD";"PP";"Kit de pret";"KDP";"Kit de pret"
"3526353046573";"TER";"TERMINAUX STD";"PP";"Kit de pret";"KDP";"Kit de pret"
"3526353046597";"TER";"TERMINAUX STD";"PP";"Kit de pret";"KDP";"Kit de pret"
"3526353046610";"TER";"TERMINAUX STD";"PP";"Kit de pret";"KDP";"Kit de pret"
"3526353046627";"TER";"TERMINAUX STD";"PP";"Kit de pret";"KDP";"Kit de pret"
"3526353046887";"TER";"TERMINAUX STD";"PP";"Kit de pret";"KDP";"Kit de pret"
"3526353046900";"TER";"TERMINAUX STD";"PP";"Kit de pret";"KDP";"Kit de pret"
"3526353046962";"TEROC";"TX D'OCCASION";"PP";"Kit de pret";"KDP";"Kit de pret"
"3526353047143";"TER";"TERMINAUX STD";"PP";"Kit de pret";"KDP";"Kit de pret"
"3526353047235";"TERIM";"TERMINAUX IMODE";"PP";"Kit de pret";"KDP";"Kit de pret"
"3526353047266";"TEROC";"TX D'OCCASION";"PP";"Kit de pret";"KDP";"Kit de pret"
"3526353047303";"TER";"TERMINAUX STD";"PP";"Kit de pret";"KDP";"Kit de pret"
"3526353047648";"TEROC";"TX D'OCCASION";"PP";"Kit de pret";"KDP";"Kit de pret"
"3526353047662";"TEROC";"TX D'OCCASION";"PP";"Kit de pret";"KDP";"Kit de pret"
"3526353047754";"TEROC";"TX D'OCCASION";"PP";"Kit de pret";"KDP";"Kit de pret"
"3526353047785";"TERIM";"TERMINAUX IMODE";"PP";"Kit de pret";"KDP";"Kit de pret"
"3526353048140";"TERIM";"TERMINAUX IMODE";"PP";"Kit de pret";"KDP";"Kit de pret"
"3526353048256";"TER";"TERMINAUX STD";"PP";"Kit de pret";"KDP";"Kit de pret"
"3526353048362";"TER";"TERMINAUX STD";"PP";"Kit de pret";"KDP";"Kit de pret"
"3526353048386";"TER";"TERMINAUX STD";"PP";"Kit de pret";"KDP";"Kit de pret"
"3526353048409";"TER";"TERMINAUX STD";"PP";"Kit de pret";"KDP";"Kit de pret"
"3526353048423";"TER";"TERMINAUX STD";"PP";"Kit de pret";"KDP";"Kit de pret"
"3526353048447";"TER";"TERMINAUX STD";"PP";"Kit de pret";"KDP";"Kit de pret"
"3526353048775";"TER";"TERMINAUX STD";"PP";"Kit de pret";"KDP";"Kit de pret"
"3526353042759";"TER";"TERMINAUX STD";"PP";"Kit de pret";"KDP";"Kit de pret"
"3526353043275";"TER";"TERMINAUX STD";"PP";"Kit de pret";"KDP";"Kit de pret"
"3526353043640";"TER";"TERMINAUX STD";"PP";"Kit de pret";"KDP";"Kit de pret"
"3526353043701";"TER";"TERMINAUX STD";"PP";"Kit de pret";"KDP";"Kit de pret"
"3526353044555";"TER";"TERMINAUX STD";"PP";"Kit de pret";"KDP";"Kit de pret"
"3526353044586";"TER";"TERMINAUX STD";"PP";"Kit de pret";"KDP";"Kit de pret"
"3526353044623";"TER";"TERMINAUX STD";"PP";"Kit de pret";"KDP";"Kit de pret"
"3526353044760";"TER";"TERMINAUX STD";"PP";"Kit de pret";"KDP";"Kit de pret"
"3526353044838";"TER";"TERMINAUX STD";"PP";"Kit de pret";"KDP";"Kit de pret"
"3526353045033";"TER";"TERMINAUX STD";"PP";"Kit de pret";"KDP";"Kit de pret"
"3526353045156";"TER";"TERMINAUX STD";"PP";"Kit de pret";"KDP";"Kit de pret"
"3526353045170";"TER";"TERMINAUX STD";"PP";"Kit de pret";"KDP";"Kit de pret"
"3526353045194";"TER";"TERMINAUX STD";"PP";"Kit de pret";"KDP";"Kit de pret"
"3526353046511";"TER";"TERMINAUX STD";"PP";"Kit de pret";"KDP";"Kit de pret"
"3526353046528";"TER";"TERMINAUX STD";"PP";"Kit de pret";"KDP";"Kit de pret"
"3526353046559";"TER";"TERMINAUX STD";"PP";"Kit de pret";"KDP";"Kit de pret"
"3526353040687";"TER";"TERMINAUX STD";"PP";"Kit de pret";"KDP";"Kit de pret"
"3526353040694";"TER";"TERMINAUX STD";"PP";"Kit de pret";"KDP";"Kit de pret"
"3526353040700";"TER";"TERMINAUX STD";"PP";"Kit de pret";"KDP";"Kit de pret"
"3526353040717";"TER";"TERMINAUX STD";"PP";"Kit de pret";"KDP";"Kit de pret"
"3526353040724";"TER";"TERMINAUX STD";"PP";"Kit de pret";"KDP";"Kit de pret"
"3526353040731";"TER";"TERMINAUX STD";"PP";"Kit de pret";"KDP";"Kit de pret"
"3526353040748";"TER";"TERMINAUX STD";"PP";"Kit de pret";"KDP";"Kit de pret"
"3526353040755";"TER";"TERMINAUX STD";"PP";"Kit de pret";"KDP";"Kit de pret"
"3526353041332";"TER";"TERMINAUX STD";"PP";"Kit de pret";"KDP";"Kit de pret"
"3526353041356";"TER";"TERMINAUX STD";"PP";"Kit de pret";"KDP";"Kit de pret"
"3526353042025";"TEROC";"TX D'OCCASION";"PP";"Kit de pret";"KDP";"Kit de pret"
"3526353042049";"TEROC";"TX D'OCCASION";"PP";"Kit de pret";"KDP";"Kit de pret"
"3526353042063";"TEROC";"TX D'OCCASION";"PP";"Kit de pret";"KDP";"Kit de pret"
"3526353042285";"TEROC";"TX D'OCCASION";"PP";"Kit de pret";"KDP";"Kit de pret"
"3526353042308";"TER";"TERMINAUX STD";"PP";"Kit de pret";"KDP";"Kit de pret"
"3526353042520";"TER";"TERMINAUX STD";"PP";"Kit de pret";"KDP";"Kit de pret"
"3526353042537";"TER";"TERMINAUX STD";"PP";"Kit de pret";"KDP";"Kit de pret"
"3526353042544";"TER";"TERMINAUX STD";"PP";"Kit de pret";"KDP";"Kit de pret"
"3526353042551";"TER";"TERMINAUX STD";"PP";"Kit de pret";"KDP";"Kit de pret"
"3526353042568";"TER";"TERMINAUX STD";"PP";"Kit de pret";"KDP";"Kit de pret"
"3526353042575";"TER";"TERMINAUX STD";"PP";"Kit de pret";"KDP";"Kit de pret"
"3526353042599";"TER";"TERMINAUX STD";"PP";"Kit de pret";"KDP";"Kit de pret"
"3526353042643";"TER";"TERMINAUX STD";"PP";"Kit de pret";"KDP";"Kit de pret"
"3526353042667";"TER";"TERMINAUX STD";"PP";"Kit de pret";"KDP";"Kit de pret"
"3526353042704";"TER";"TERMINAUX STD";"PP";"Kit de pret";"KDP";"Kit de pret"
"3526353027992";"TER";"TERMINAUX STD";"PP";"Kit de pret";"KDP";"Kit de pret"
"3526353028012";"TER";"TERMINAUX STD";"PP";"Kit de pret";"KDP";"Kit de pret"
"3526353028029";"TER";"TERMINAUX STD";"PP";"Kit de pret";"KDP";"Kit de pret"
"3526353028036";"TER";"TERMINAUX STD";"PP";"Kit de pret";"KDP";"Kit de pret"
"3526353028074";"TER";"TERMINAUX STD";"PP";"Kit de pret";"KDP";"Kit de pret"
"3526353028081";"TER";"TERMINAUX STD";"PP";"Kit de pret";"KDP";"Kit de pret"
"3526353028098";"TER";"TERMINAUX STD";"PP";"Kit de pret";"KDP";"Kit de pret"
"3526353028104";"TER";"TERMINAUX STD";"PP";"Kit de pret";"KDP";"Kit de pret"
"3526353028142";"TER";"TERMINAUX STD";"PP";"Kit de pret";"KDP";"Kit de pret"
"3526353028159";"TER";"TERMINAUX STD";"PP";"Kit de pret";"KDP";"Kit de pret"
"3526353028166";"TER";"TERMINAUX STD";"PP";"Kit de pret";"KDP";"Kit de pret"
"3526353028173";"TER";"TERMINAUX STD";"PP";"Kit de pret";"KDP";"Kit de pret"
"3526353028180";"TER";"TERMINAUX STD";"PP";"Kit de pret";"KDP";"Kit de pret"
"3526353028197";"TER";"TERMINAUX STD";"PP";"Kit de pret";"KDP";"Kit de pret"
"3526353028203";"TER";"TERMINAUX STD";"PP";"Kit de pret";"KDP";"Kit de pret"
"3526353028210";"TERIM";"TERMINAUX IMODE";"PP";"Kit de pret";"KDP";"Kit de pret"
"3526353028258";"TER";"TERMINAUX STD";"PP";"Kit de pret";"KDP";"Kit de pret"
"3526353028265";"TER";"TERMINAUX STD";"PP";"Kit de pret";"KDP";"Kit de pret"
"3526353028272";"TER";"TERMINAUX STD";"PP";"Kit de pret";"KDP";"Kit de pret"
"3526353028289";"TER";"TERMINAUX STD";"PP";"Kit de pret";"KDP";"Kit de pret"
"3526353028319";"TER";"TERMINAUX STD";"PP";"Kit de pret";"KDP";"Kit de pret"
"3526353035881";"TER";"TERMINAUX STD";"PP";"Kit de pret";"KDP";"Kit de pret"
"3526353036949";"TER";"TERMINAUX STD";"PP";"Kit de pret";"KDP";"Kit de pret"
"3526353039049";"TEROC";"TX D'OCCASION";"PP";"Kit de pret";"KDP";"Kit de pret"
"3526353039391";"TEROC";"TX D'OCCASION";"PP";"Kit de pret";"KDP";"Kit de pret"
"3526353027107";"TER";"TERMINAUX STD";"PP";"Kit de pret";"KDP";"Kit de pret"
"3526353027114";"TER";"TERMINAUX STD";"PP";"Kit de pret";"KDP";"Kit de pret"
"3526353027121";"TER";"TERMINAUX STD";"PP";"Kit de pret";"KDP";"Kit de pret"
"3526353027138";"TER";"TERMINAUX STD";"PP";"Kit de pret";"KDP";"Kit de pret"
"3526353027145";"TER";"TERMINAUX STD";"PP";"Kit de pret";"KDP";"Kit de pret"
"3526353027183";"TER";"TERMINAUX STD";"PP";"Kit de pret";"KDP";"Kit de pret"
"3526353027190";"TER";"TERMINAUX STD";"PP";"Kit de pret";"KDP";"Kit de pret"
"3526353027206";"TER";"TERMINAUX STD";"PP";"Kit de pret";"KDP";"Kit de pret"
"3526353027213";"TER";"TERMINAUX STD";"PP";"Kit de pret";"KDP";"Kit de pret"
"3526353027220";"TER";"TERMINAUX STD";"PP";"Kit de pret";"KDP";"Kit de pret"
"3526353027237";"TER";"TERMINAUX STD";"PP";"Kit de pret";"KDP";"Kit de pret"
"3526353027367";"TER";"TERMINAUX STD";"PP";"Kit de pret";"KDP";"Kit de pret"
"3526353027374";"TER";"TERMINAUX STD";"PP";"Kit de pret";"KDP";"Kit de pret"
"3526353027381";"TER";"TERMINAUX STD";"PP";"Kit de pret";"KDP";"Kit de pret"
"3526353027404";"TER";"TERMINAUX STD";"PP";"Kit de pret";"KDP";"Kit de pret"
"3526353027411";"TER";"TERMINAUX STD";"PP";"Kit de pret";"KDP";"Kit de pret"
"3526353027428";"TER";"TERMINAUX STD";"PP";"Kit de pret";"KDP";"Kit de pret"
"3526353027459";"TER";"TERMINAUX STD";"PP";"Kit de pret";"KDP";"Kit de pret"
"3526353027466";"TER";"TERMINAUX STD";"PP";"Kit de pret";"KDP";"Kit de pret"
"3526353027473";"TER";"TERMINAUX STD";"PP";"Kit de pret";"KDP";"Kit de pret"
"3526353027480";"TER";"TERMINAUX STD";"PP";"Kit de pret";"KDP";"Kit de pret"
"3526353027503";"TER";"TERMINAUX STD";"PP";"Kit de pret";"KDP";"Kit de pret"
"3526353027527";"TER";"TERMINAUX STD";"PP";"Kit de pret";"KDP";"Kit de pret"
"3526353027534";"TER";"TERMINAUX STD";"PP";"Kit de pret";"KDP";"Kit de pret"
"3526353027541";"TER";"TERMINAUX STD";"PP";"Kit de pret";"KDP";"Kit de pret"
"3526353027558";"TER";"TERMINAUX STD";"PP";"Kit de pret";"KDP";"Kit de pret"
"3526353027565";"TER";"TERMINAUX STD";"PP";"Kit de pret";"KDP";"Kit de pret"
"3526353027589";"TER";"TERMINAUX STD";"PP";"Kit de pret";"KDP";"Kit de pret"
"3526353027626";"TER";"TERMINAUX STD";"PP";"Kit de pret";"KDP";"Kit de pret"
"3526353027664";"TER";"TERMINAUX STD";"PP";"Kit de pret";"KDP";"Kit de pret"
"3526353027671";"TER";"TERMINAUX STD";"PP";"Kit de pret";"KDP";"Kit de pret"
"3526353027688";"TEROC";"TX D'OCCASION";"PP";"Kit de pret";"KDP";"Kit de pret"
"3526353027701";"TEROC";"TX D'OCCASION";"PP";"Kit de pret";"KDP";"Kit de pret"
"3526353027718";"TEROC";"TX D'OCCASION";"PP";"Kit de pret";"KDP";"Kit de pret"
"3526353027725";"TER";"TERMINAUX STD";"PP";"Kit de pret";"KDP";"Kit de pret"
"3526353027732";"TER";"TERMINAUX STD";"PP";"Kit de pret";"KDP";"Kit de pret"
"3526353027756";"TER";"TERMINAUX STD";"PP";"Kit de pret";"KDP";"Kit de pret"
"3526353027770";"TER";"TERMINAUX STD";"PP";"Kit de pret";"KDP";"Kit de pret"
"3526353027787";"TER";"TERMINAUX STD";"PP";"Kit de pret";"KDP";"Kit de pret"
"3526353027794";"TER";"TERMINAUX STD";"PP";"Kit de pret";"KDP";"Kit de pret"
"3526353027800";"TER";"TERMINAUX STD";"PP";"Kit de pret";"KDP";"Kit de pret"
"3526353027862";"TER";"TERMINAUX STD";"PP";"Kit de pret";"KDP";"Kit de pret"
"3526353027909";"TER";"TERMINAUX STD";"PP";"Kit de pret";"KDP";"Kit de pret"
"3526353027916";"TER";"TERMINAUX STD";"PP";"Kit de pret";"KDP";"Kit de pret"
"3526353027923";"TER";"TERMINAUX STD";"PP";"Kit de pret";"KDP";"Kit de pret"
"3526353027930";"TER";"TERMINAUX STD";"PP";"Kit de pret";"KDP";"Kit de pret"
"3526353027947";"TER";"TERMINAUX STD";"PP";"Kit de pret";"KDP";"Kit de pret"
"3526353027954";"TER";"TERMINAUX STD";"PP";"Kit de pret";"KDP";"Kit de pret"
"3526353027961";"TER";"TERMINAUX STD";"PP";"Kit de pret";"KDP";"Kit de pret"
"3526353027978";"TER";"TERMINAUX STD";"PP";"Kit de pret";"KDP";"Kit de pret"
"3526353026988";"TER";"TERMINAUX STD";"PP";"Kit de pret";"KDP";"Kit de pret"
"3526353026995";"TER";"TERMINAUX STD";"PP";"Kit de pret";"KDP";"Kit de pret"
"3526353027008";"TER";"TERMINAUX STD";"PP";"Kit de pret";"KDP";"Kit de pret"
"3526353027015";"TER";"TERMINAUX STD";"PP";"Kit de pret";"KDP";"Kit de pret"
"3526353027022";"TER";"TERMINAUX STD";"PP";"Kit de pret";"KDP";"Kit de pret"
"3526353027039";"TER";"TERMINAUX STD";"PP";"Kit de pret";"KDP";"Kit de pret"
"3526353027046";"TER";"TERMINAUX STD";"PP";"Kit de pret";"KDP";"Kit de pret"
"3526353027060";"TER";"TERMINAUX STD";"PP";"Kit de pret";"KDP";"Kit de pret"
"3526353027077";"TER";"TERMINAUX STD";"PP";"Kit de pret";"KDP";"Kit de pret"
"3526353027084";"TER";"TERMINAUX STD";"PP";"Kit de pret";"KDP";"Kit de pret"
"3526353003200";"TER";"TERMINAUX STD";"PP";"Kit de pret";"KDP";"Kit de pret"
"3526353010512";"TER";"TERMINAUX STD";"PP";"Kit de pret";"KDP";"Kit de pret"
"3526353010529";"TER";"TERMINAUX STD";"PP";"Kit de pret";"KDP";"Kit de pret"
"3526353014688";"TEROC";"TX D'OCCASION";"PP";"Kit de pret";"KDP";"Kit de pret"
"3526353016712";"TER";"TERMINAUX STD";"PP";"Kit de pret";"KDP";"Kit de pret"
"3526353017627";"TER";"TERMINAUX STD";"PP";"Kit de pret";"KDP";"Kit de pret"
"3526353019645";"TER";"TERMINAUX STD";"PP";"Kit de pret";"KDP";"Kit de pret"
"3526353019829";"TER";"TERMINAUX STD";"PP";"Kit de pret";"KDP";"Kit de pret"
"3526353019898";"TEROC";"TX D'OCCASION";"PP";"Kit de pret";"KDP";"Kit de pret"
"3526353019911";"TER";"TERMINAUX STD";"PP";"Kit de pret";"KDP";"Kit de pret"
"3526353021167";"TER";"TERMINAUX STD";"PP";"Kit de pret";"KDP";"Kit de pret"
"3526353021204";"TEROC";"TX D'OCCASION";"PP";"Kit de pret";"KDP";"Kit de pret"
"3526353021372";"TER";"TERMINAUX STD";"PP";"Kit de pret";"KDP";"Kit de pret"
"3526353021556";"TER";"TERMINAUX STD";"PP";"Kit de pret";"KDP";"Kit de pret"
"3526353021563";"TER";"TERMINAUX STD";"PP";"Kit de pret";"KDP";"Kit de pret"
"3526353021587";"TEROC";"TX D'OCCASION";"PP";"Kit de pret";"KDP";"Kit de pret"
"3526353021693";"TER";"TERMINAUX STD";"PP";"Kit de pret";"KDP";"Kit de pret"
"3526353021754";"TER";"TERMINAUX STD";"PP";"Kit de pret";"KDP";"Kit de pret"
"3526353021808";"TER";"TERMINAUX STD";"PP";"Kit de pret";"KDP";"Kit de pret"
"3526353021815";"TER";"TERMINAUX STD";"PP";"Kit de pret";"KDP";"Kit de pret"
"3526353021877";"TER";"TERMINAUX STD";"PP";"Kit de pret";"KDP";"Kit de pret"
"3526353021884";"TER";"TERMINAUX STD";"PP";"Kit de pret";"KDP";"Kit de pret"
"3526353022072";"TEROC";"TX D'OCCASION";"PP";"Kit de pret";"KDP";"Kit de pret"
"3526353022096";"TER";"TERMINAUX STD";"PP";"Kit de pret";"KDP";"Kit de pret"
"3526353022379";"TER";"TERMINAUX STD";"PP";"Kit de pret";"KDP";"Kit de pret"
"3526350008352";"TEROC";"TX D'OCCASION";"PP";"Kit de pret";"KDP";"Kit de pret"
"3526350009168";"TEROC";"TX D'OCCASION";"PP";"Kit de pret";"KDP";"Kit de pret"
"3526353068513";"TER";"TERMINAUX STD";"PP";"Kit de pret";"KDP";"Kit de pret"
"3526353068537";"TER";"TERMINAUX STD";"PP";"Kit de pret";"KDP";"Kit de pret"
"3526353068551";"TER";"TERMINAUX STD";"PP";"Kit de pret";"KDP";"Kit de pret"
"3526353068919";"TEROC";"TX D'OCCASION";"PP";"Kit de pret";"KDP";"Kit de pret"
"3526356027340";"TER";"TERMINAUX STD";"SF";"Carte SIM Forfait";"SIM";"Carte SIM"
"3526353070455";"TER";"TERMINAUX STD";"PP";"Kit de pret";"KDP";"Kit de pret"
"3526353070479";"TER";"TERMINAUX STD";"PP";"Kit de pret";"KDP";"Kit de pret"
"3526353070493";"TERIM";"TERMINAUX IMODE";"PP";"Kit de pret";"KDP";"Kit de pret"
"3526353070516";"TER";"TERMINAUX STD";"PP";"Kit de pret";"KDP";"Kit de pret"
"3526356029511";"TEROC";"TX D'OCCASION";"SF";"Carte SIM Forfait";"SIM";"Carte SIM"
"3526353070530";"TER";"TERMINAUX STD";"PP";"Kit de pret";"KDP";"Kit de pret"
"3526353070554";"TER";"TERMINAUX STD";"PP";"Kit de pret";"KDP";"Kit de pret"
"3526356029542";"TER";"TERMINAUX STD";"SU";"Carte SIM UM";"SIM";"Carte SIM"
"3526353071537";"TER";"TERMINAUX STD";"PP";"Kit de pret";"KDP";"Kit de pret"
"3526353071551";"TER";"TERMINAUX STD";"PP";"Kit de pret";"KDP";"Kit de pret"
"3526353071773";"TER";"TERMINAUX STD";"PP";"Kit de pret";"KDP";"Kit de pret"
"3526353071759";"TER";"TERMINAUX STD";"PP";"Kit de pret";"KDP";"Kit de pret"
"3526353071711";"TER";"TERMINAUX STD";"PP";"Kit de pret";"KDP";"Kit de pret"
"3526353071735";"TER";"TERMINAUX STD";"PP";"Kit de pret";"KDP";"Kit de pret"
"3526353072978";"TERIM";"TERMINAUX IMODE";"PP";"Kit de pret";"KDP";"Kit de pret"
"3526353072954";"TER";"TERMINAUX STD";"PP";"Kit de pret";"KDP";"Kit de pret"
"3526353072961";"TERHD";"TERMINAUX HAUT DEBIT";"PP";"Kit de pret";"KDP";"Kit de pret"
"3526353073234";"TER";"TERMINAUX STD";"PP";"Kit de pret";"KDP";"Kit de pret"
"3526353073241";"TER";"TERMINAUX STD";"PP";"Kit de pret";"KDP";"Kit de pret"
"3526353073548";"TER";"TERMINAUX STD";"PP";"Kit de pret";"KDP";"Kit de pret"
"3526353073555";"TER";"TERMINAUX STD";"PP";"Kit de pret";"KDP";"Kit de pret"
"3526353073562";"TER";"TERMINAUX STD";"PP";"Kit de pret";"KDP";"Kit de pret"
"3526353073609";"TER";"TERMINAUX STD";"PP";"Kit de pret";"KDP";"Kit de pret"
"3526353073616";"TER";"TERMINAUX STD";"PP";"Kit de pret";"KDP";"Kit de pret"
"3526353073647";"TER";"TERMINAUX STD";"PP";"Kit de pret";"KDP";"Kit de pret"
"3526353074781";"TER";"TERMINAUX STD";"PP";"Kit de pret";"KDP";"Kit de pret"
"3526353074804";"TER";"TERMINAUX STD";"PP";"Kit de pret";"KDP";"Kit de pret"
"3526353074842";"TER";"TERMINAUX STD";"PP";"Kit de pret";"KDP";"Kit de pret"
"3526353074828";"TER";"TERMINAUX STD";"PP";"Kit de pret";"KDP";"Kit de pret"
"3526353075344";"TER";"TERMINAUX STD";"PP";"Kit de pret";"KDP";"Kit de pret"
"3526353075726";"TER";"TERMINAUX STD";"PP";"Kit de pret";"KDP";"Kit de pret"
"3526353075740";"TEROC";"TX D'OCCASION";"PP";"Kit de pret";"KDP";"Kit de pret"
"3526353075702";"TER";"TERMINAUX STD";"PP";"Kit de pret";"KDP";"Kit de pret"
"3526353074002";"TER";"TERMINAUX STD";"PP";"Kit de pret";"KDP";"Kit de pret"
"3526353075498";"TER";"TERMINAUX STD";"PP";"Kit de pret";"KDP";"Kit de pret"
"3526356025629";"TER";"TERMINAUX STD";"SU";"Carte SIM UM";"SIM";"Carte SIM"
"3526353076631";"TER";"TERMINAUX STD";"PP";"Kit de pret";"KDP";"Kit de pret"
"3526353076136";"TER";"TERMINAUX STD";"PP";"Kit de pret";"KDP";"Kit de pret"
"3526353077829";"TER";"TERMINAUX STD";"PP";"Kit de pret";"KDP";"Kit de pret"
"3526353077652";"CLE";"CLE";"PP";"Kit de pret";"KDP";"Kit de pret"
"3526353077805";"TER";"TERMINAUX STD";"PP";"Kit de pret";"KDP";"Kit de pret"
"3526353077768";"TER";"TERMINAUX STD";"PP";"Kit de pret";"KDP";"Kit de pret"
"3526353077782";"TER";"TERMINAUX STD";"PP";"Kit de pret";"KDP";"Kit de pret"
"3526353077935";"TER";"TERMINAUX STD";"PP";"Kit de pret";"KDP";"Kit de pret"
"3526353063525";"TER";"TERMINAUX STD";"PP";"Kit de pret";"KDP";"Kit de pret"
"3526353065581";"TERHD";"TERMINAUX HAUT DEBIT";"PP";"Kit de pret";"KDP";"Kit de pret"
"3526353027695";"TEROC";"TX D'OCCASION";"PP";"Kit de pret";"KDP";"Kit de pret"
"3526353079410";"TER";"TERMINAUX STD";"PP";"Kit de pret";"KDP";"Kit de pret"
"3526353079359";"TER";"TERMINAUX STD";"PP";"Kit de pret";"KDP";"Kit de pret"
"3526353079373";"TER";"TERMINAUX STD";"PP";"Kit de pret";"KDP";"Kit de pret"
"3526353079397";"TER";"TERMINAUX STD";"PP";"Kit de pret";"KDP";"Kit de pret"
"3526353079731";"TER";"TERMINAUX STD";"PP";"Kit de pret";"KDP";"Kit de pret"
"3526353079755";"TER";"TERMINAUX STD";"PP";"Kit de pret";"KDP";"Kit de pret"
"3526353081185";"TER";"TERMINAUX STD";"PP";"Kit de pret";"KDP";"Kit de pret"
"3526353081192";"TER";"TERMINAUX STD";"PP";"Kit de pret";"KDP";"Kit de pret"
"3526353081208";"TER";"TERMINAUX STD";"PP";"Kit de pret";"KDP";"Kit de pret"
"3526353081239";"TER";"TERMINAUX STD";"PP";"Kit de pret";"KDP";"Kit de pret"
"3526353081178";"TER";"TERMINAUX STD";"PP";"Kit de pret";"KDP";"Kit de pret"
"3526353081215";"TER";"TERMINAUX STD";"PP";"Kit de pret";"KDP";"Kit de pret"
"3526353081338";"TER";"TERMINAUX STD";"PP";"Kit de pret";"KDP";"Kit de pret"
"3526353081307";"TER";"TERMINAUX STD";"PP";"Kit de pret";"KDP";"Kit de pret"
"3526353081314";"TER";"TERMINAUX STD";"PP";"Kit de pret";"KDP";"Kit de pret"
"3526353081277";"TER";"TERMINAUX STD";"PP";"Kit de pret";"KDP";"Kit de pret"
"3526353081253";"TER";"TERMINAUX STD";"PP";"Kit de pret";"KDP";"Kit de pret"
"3526353081260";"TER";"TERMINAUX STD";"PP";"Kit de pret";"KDP";"Kit de pret"
"3526353081291";"TER";"TERMINAUX STD";"PP";"Kit de pret";"KDP";"Kit de pret"
"3526353081284";"TER";"TERMINAUX STD";"PP";"Kit de pret";"KDP";"Kit de pret"
"3526353081161";"TER";"TERMINAUX STD";"PP";"Kit de pret";"KDP";"Kit de pret"
"3526353081321";"TER";"TERMINAUX STD";"PP";"Kit de pret";"KDP";"Kit de pret"
"3526353081345";"TER";"TERMINAUX STD";"PP";"Kit de pret";"KDP";"Kit de pret"
"3526353081222";"TER";"TERMINAUX STD";"PP";"Kit de pret";"KDP";"Kit de pret"
"3526353081246";"TEROC";"TX D'OCCASION";"PP";"Kit de pret";"KDP";"Kit de pret"
"3526356033648";"TER";"TERMINAUX STD";"SU";"Carte SIM UM";"SIM";"Carte SIM"
"3526356033716";"TER";"TERMINAUX STD";"SF";"Carte SIM Forfait";"SIM";"Carte SIM"
"3526356033679";"TER";"TERMINAUX STD";"SN";"Carte Bouygues Telecom";"SIM";"Carte SIM"
"3526356033693";"TER";"TERMINAUX STD";"SN";"Carte Bouygues Telecom";"SIM";"Carte SIM"
"3526356033709";"TER";"TERMINAUX STD";"SN";"Carte Bouygues Telecom";"SIM";"Carte SIM"
"3526356033655";"TER";"TERMINAUX STD";"SU";"Carte SIM UM";"SIM";"Carte SIM"
"3526356033747";"TEROC";"TX D'OCCASION";"SF";"Carte SIM Forfait";"SIM";"Carte SIM"
"3526356033662";"TER";"TERMINAUX STD";"SU";"Carte SIM UM";"SIM";"Carte SIM"
"3526356033686";"TER";"TERMINAUX STD";"SN";"Carte Bouygues Telecom";"SIM";"Carte SIM"
"3526353082618";"TER";"TERMINAUX STD";"PP";"Kit de pret";"KDP";"Kit de pret"
"3526353082625";"TER";"TERMINAUX STD";"PP";"Kit de pret";"KDP";"Kit de pret"
"3526353082632";"TER";"TERMINAUX STD";"PP";"Kit de pret";"KDP";"Kit de pret"
"3526353082649";"TER";"TERMINAUX STD";"PP";"Kit de pret";"KDP";"Kit de pret"
"3526353082601";"TER";"TERMINAUX STD";"PP";"Kit de pret";"KDP";"Kit de pret"
"3526356033723";"TER";"TERMINAUX STD";"SF";"Carte SIM Forfait";"SIM";"Carte SIM"
"3526353085091";"TER";"TERMINAUX STD";"PP";"Kit de pret";"KDP";"Kit de pret"
"3526353085114";"TER";"TERMINAUX STD";"PP";"Kit de pret";"KDP";"Kit de pret"
"3526353085169";"TER";"TERMINAUX STD";"PP";"Kit de pret";"KDP";"Kit de pret"
"3526353085138";"TER";"TERMINAUX STD";"PP";"Kit de pret";"KDP";"Kit de pret"
"3526353085121";"TER";"TERMINAUX STD";"PP";"Kit de pret";"KDP";"Kit de pret"
"3526353085145";"TER";"TERMINAUX STD";"PP";"Kit de pret";"KDP";"Kit de pret"
"3526353085107";"TER";"TERMINAUX STD";"PP";"Kit de pret";"KDP";"Kit de pret"
"3526353085152";"TER";"TERMINAUX STD";"PP";"Kit de pret";"KDP";"Kit de pret"
"3526353085176";"TER";"TERMINAUX STD";"PP";"Kit de pret";"KDP";"Kit de pret"
"3526353085183";"TER";"TERMINAUX STD";"PP";"Kit de pret";"KDP";"Kit de pret"
"3526356033730";"TER";"TERMINAUX STD";"SF";"Carte SIM Forfait";"SIM";"Carte SIM"
"3526356034799";"TER";"TERMINAUX STD";"SN";"Carte Bouygues Telecom";"SIM";"Carte SIM"
"3526356034836";"TER";"TERMINAUX STD";"SF";"Carte SIM Forfait";"SIM";"Carte SIM"
"9999991006249";"TER";"TERMINAUX STD";"SF";"Carte SIM Forfait";"SIM";"Carte SIM"
"3526356034843";"TER";"TERMINAUX STD";"SN";"Carte Bouygues Telecom";"SIM";"Carte SIM"
"3526356034850";"TER";"TERMINAUX STD";"SU";"Carte SIM UM";"SIM";"Carte SIM"
"3526353086647";"TER";"TERMINAUX STD";"PP";"Kit de pret";"KDP";"Kit de pret"
"3526353086654";"TER";"TERMINAUX STD";"PP";"Kit de pret";"KDP";"Kit de pret"
"3526353086661";"TER";"TERMINAUX STD";"PP";"Kit de pret";"KDP";"Kit de pret"
"3526353087637";"TER";"TERMINAUX STD";"PP";"Kit de pret";"KDP";"Kit de pret"
"3526353087644";"TER";"TERMINAUX STD";"PP";"Kit de pret";"KDP";"Kit de pret"
"3526353087620";"TER";"TERMINAUX STD";"PP";"Kit de pret";"KDP";"Kit de pret"
"9999991006379";"TER";"TERMINAUX STD";"SF";"Carte SIM Forfait";"SIM";"Carte SIM"
"9999991006386";"TER";"TERMINAUX STD";"SF";"Carte SIM Forfait";"SIM";"Carte SIM"
"3526356035581";"TER";"TERMINAUX STD";"SF";"Carte SIM Forfait";"SIM";"Carte SIM"
"3526356035567";"TER";"TERMINAUX STD";"SN";"Carte Bouygues Telecom";"SIM";"Carte SIM"
"3526356035543";"TER";"TERMINAUX STD";"SU";"Carte SIM UM";"SIM";"Carte SIM"
"3526356035666";"TER";"TERMINAUX STD";"SN";"Carte Bouygues Telecom";"SIM";"Carte SIM"
"3526356035673";"TER";"TERMINAUX STD";"SN";"Carte Bouygues Telecom";"SIM";"Carte SIM"
"3526356035659";"TER";"TERMINAUX STD";"SC";"Carte SIM Cityzi";"SIM";"Carte SIM"
"3526356035383";"TER";"TERMINAUX STD";"SM";"Carte SAV Universelle Micro";"SIM";"Carte SIM"
"3526353087835";"TER";"TERMINAUX STD";"PP";"Kit de pret";"KDP";"Kit de pret"
"3526353087842";"TER";"TERMINAUX STD";"PP";"Kit de pret";"KDP";"Kit de pret"
"3526356035802";"TER";"TERMINAUX STD";"SM";"Carte SAV Universelle Micro";"SIM";"Carte SIM"
"3526353088016";"TER";"TERMINAUX STD";"PP";"Kit de pret";"KDP";"Kit de pret"
"3526353088023";"TER";"TERMINAUX STD";"PP";"Kit de pret";"KDP";"Kit de pret"
"3526353088030";"TER";"TERMINAUX STD";"PP";"Kit de pret";"KDP";"Kit de pret"
"3526353088047";"TER";"TERMINAUX STD";"PP";"Kit de pret";"KDP";"Kit de pret"
"3526353088054";"TER";"TERMINAUX STD";"PP";"Kit de pret";"KDP";"Kit de pret"
"3526353088078";"TER";"TERMINAUX STD";"PP";"Kit de pret";"KDP";"Kit de pret"
"3526353088061";"TER";"TERMINAUX STD";"PP";"Kit de pret";"KDP";"Kit de pret"
"3526353061378";"TER";"TERMINAUX STD";"PP";"Kit de pret";"KDP";"Kit de pret"
"3526353047174";"TER";"TERMINAUX STD";"PP";"Kit de pret";"KDP";"Kit de pret"
"3526356035895";"TER";"TERMINAUX STD";"SN";"Carte Bouygues Telecom";"SIM";"Carte SIM"
"3526353088184";"TER";"TERMINAUX STD";"PP";"Kit de pret";"KDP";"Kit de pret"
"3526353088399";"TER";"TERMINAUX STD";"PP";"Kit de pret";"KDP";"Kit de pret"
"3526353088351";"TER";"TERMINAUX STD";"PP";"Kit de pret";"KDP";"Kit de pret"
"3526353088368";"TER";"TERMINAUX STD";"PP";"Kit de pret";"KDP";"Kit de pret"
"3526353088382";"TER";"TERMINAUX STD";"PP";"Kit de pret";"KDP";"Kit de pret"
"3526353088375";"TER";"TERMINAUX STD";"PP";"Kit de pret";"KDP";"Kit de pret"
"9999991006522";"TER";"TERMINAUX STD";"PP";"Kit de pret";"KDP";"Kit de pret"
"3526356035604";"TER";"TERMINAUX STD";"SF";"Carte SIM Forfait";"SIM";"Carte SIM"
"3526356035871";"TER";"TERMINAUX STD";"SS";"Carte SAV Universelle non micro";"SIM";"Carte SIM"
"3526353088504";"TEROC";"TX D'OCCASION";"PP";"Kit de pret";"KDP";"Kit de pret"
"3526353088528";"TER";"TERMINAUX STD";"PP";"Kit de pret";"KDP";"Kit de pret"
"3526353088535";"TER";"TERMINAUX STD";"PP";"Kit de pret";"KDP";"Kit de pret"
"3526353088511";"TER";"TERMINAUX STD";"PP";"Kit de pret";"KDP";"Kit de pret"
"3526353088542";"TER";"TERMINAUX STD";"PP";"Kit de pret";"KDP";"Kit de pret"
"3526353088733";"TER";"TERMINAUX STD";"PP";"Kit de pret";"KDP";"Kit de pret"
"3526353088726";"TER";"TERMINAUX STD";"PP";"Kit de pret";"KDP";"Kit de pret"
"3526353088757";"TER";"TERMINAUX STD";"PP";"Kit de pret";"KDP";"Kit de pret"
"3526353088719";"TEROC";"TX D'OCCASION";"PP";"Kit de pret";"KDP";"Kit de pret"
"3526353088764";"TER";"TERMINAUX STD";"PP";"Kit de pret";"KDP";"Kit de pret"
"3526353088740";"TEROC";"TX D'OCCASION";"PP";"Kit de pret";"KDP";"Kit de pret"
"3526356036205";"TER";"TERMINAUX STD";"SM";"Carte SAV Universelle Micro";"SIM";"Carte SIM"
"3526356036663";"TER";"TERMINAUX STD";"SN";"Carte Bouygues Telecom";"SIM";"Carte SIM"
"3526353089068";"TER";"TERMINAUX STD";"PP";"Kit de pret";"KDP";"Kit de pret"
"3526353089075";"TER";"TERMINAUX STD";"PP";"Kit de pret";"KDP";"Kit de pret"
"3526353089044";"TER";"TERMINAUX STD";"PP";"Kit de pret";"KDP";"Kit de pret"
"3526353089051";"TER";"TERMINAUX STD";"PP";"Kit de pret";"KDP";"Kit de pret"
"3526353089082";"TER";"TERMINAUX STD";"PP";"Kit de pret";"KDP";"Kit de pret"
"3526353089099";"TER";"TERMINAUX STD";"PP";"Kit de pret";"KDP";"Kit de pret"
"3526353089112";"TER";"TERMINAUX STD";"PP";"Kit de pret";"KDP";"Kit de pret"
"3526353089105";"TER";"TERMINAUX STD";"PP";"Kit de pret";"KDP";"Kit de pret"
"3526353089464";"TEROC";"TX D'OCCASION";"PP";"Kit de pret";"KDP";"Kit de pret"
"3526353089709";"TER";"TERMINAUX STD";"PP";"Kit de pret";"KDP";"Kit de pret"
"3526353089693";"TER";"TERMINAUX STD";"PP";"Kit de pret";"KDP";"Kit de pret"
"3526353089716";"TER";"TERMINAUX STD";"PP";"Kit de pret";"KDP";"Kit de pret"
"3526356037073";"TER";"TERMINAUX STD";"SF";"Carte SIM Forfait";"SIM";"Carte SIM"
"3526356037080";"TER";"TERMINAUX STD";"SF";"Carte SIM Forfait";"SIM";"Carte SIM"
"3526356037097";"TER";"TERMINAUX STD";"SN";"Carte Bouygues Telecom";"SIM";"Carte SIM"
"3526356037103";"TER";"TERMINAUX STD";"SN";"Carte Bouygues Telecom";"SIM";"Carte SIM"
"3526356037158";"TER";"TERMINAUX STD";"SN";"Carte Bouygues Telecom";"SIM";"Carte SIM"
"3526356037134";"TER";"TERMINAUX STD";"SU";"Carte SIM UM";"SIM";"Carte SIM"
"3526356037141";"TER";"TERMINAUX STD";"SU";"Carte SIM UM";"SIM";"Carte SIM"
"3526353089761";"TER";"TERMINAUX STD";"PP";"Kit de pret";"KDP";"Kit de pret"
"3526353089754";"TER";"TERMINAUX STD";"PP";"Kit de pret";"KDP";"Kit de pret"
"3526353089747";"TER";"TERMINAUX STD";"PP";"Kit de pret";"KDP";"Kit de pret"
"3526356037110";"TER";"TERMINAUX STD";"SF";"Carte SIM Forfait";"SIM";"Carte SIM"
"3526356037127";"TER";"TERMINAUX STD";"SF";"Carte SIM Forfait";"SIM";"Carte SIM"
"3526356037431";"TER";"TERMINAUX STD";"SN";"Carte Bouygues Telecom";"SIM";"Carte SIM"
"3526356035642";"TER";"TERMINAUX STD";"SC";"Carte SIM Cityzi";"SIM";"Carte SIM"
"3526353090132";"TER";"TERMINAUX STD";"PP";"Kit de pret";"KDP";"Kit de pret"
"3526356037646";"TER";"TERMINAUX STD";"SF";"Carte SIM Forfait";"SIM";"Carte SIM"
"3526353090361";"TEROC";"TX D'OCCASION";"PP";"Kit de pret";"KDP";"Kit de pret"
"3526353090354";"TEROC";"TX D'OCCASION";"PP";"Kit de pret";"KDP";"Kit de pret"
"3526353090378";"TEROC";"TX D'OCCASION";"PP";"Kit de pret";"KDP";"Kit de pret"
"3526353090347";"TEROC";"TX D'OCCASION";"PP";"Kit de pret";"KDP";"Kit de pret"
"9999990003157";"TEROC";"TX D'OCCASION";"PP";"Kit de pret";"KDP";"Kit de pret"
"9999990004468";"TEROC";"TX D'OCCASION";"PP";"Kit de pret";"KDP";"Kit de pret"
"3526353090408";"CLE";"CLE";"PP";"Kit de pret";"KDP";"Kit de pret"
"3526353090422";"TER";"TERMINAUX STD";"PP";"Kit de pret";"KDP";"Kit de pret"
"3526353090415";"TER";"TERMINAUX STD";"PP";"Kit de pret";"KDP";"Kit de pret"
"3526353027763";"TEROC";"TX D'OCCASION";"PP";"Kit de pret";"KDP";"Kit de pret"
"3526353027053";"TEROC";"TX D'OCCASION";"PP";"Kit de pret";"KDP";"Kit de pret"
"3526353027497";"TEROC";"TX D'OCCASION";"PP";"Kit de pret";"KDP";"Kit de pret"
"3526353027152";"TEROC";"TX D'OCCASION";"PP";"Kit de pret";"KDP";"Kit de pret"
"3526350004613";"TEROC";"TX D'OCCASION";"PP";"Kit de pret";"KDP";"Kit de pret"
"3526350002695";"TEROC";"TX D'OCCASION";"PP";"Kit de pret";"KDP";"Kit de pret"
"3526350002770";"TEROC";"TX D'OCCASION";"PP";"Kit de pret";"KDP";"Kit de pret"
"3526350002817";"TEROC";"TX D'OCCASION";"PP";"Kit de pret";"KDP";"Kit de pret"
"3526350007720";"TEROC";"TX D'OCCASION";"PP";"Kit de pret";"KDP";"Kit de pret"
"3526350007133";"TEROC";"TX D'OCCASION";"PP";"Kit de pret";"KDP";"Kit de pret"
"3526350007751";"TEROC";"TX D'OCCASION";"PP";"Kit de pret";"KDP";"Kit de pret"
"3526350007928";"TEROC";"TX D'OCCASION";"PP";"Kit de pret";"KDP";"Kit de pret"
"3526350008116";"TEROC";"TX D'OCCASION";"PP";"Kit de pret";"KDP";"Kit de pret"
"3526350008666";"TEROC";"TX D'OCCASION";"PP";"Kit de pret";"KDP";"Kit de pret"
"3526350008413";"TEROC";"TX D'OCCASION";"PP";"Kit de pret";"KDP";"Kit de pret"
"3526350008291";"TEROC";"TX D'OCCASION";"PP";"Kit de pret";"KDP";"Kit de pret"
"3526350008314";"TEROC";"TX D'OCCASION";"PP";"Kit de pret";"KDP";"Kit de pret"
"3526353000797";"TEROC";"TX D'OCCASION";"PP";"Kit de pret";"KDP";"Kit de pret"
"3526353000810";"TEROC";"TX D'OCCASION";"PP";"Kit de pret";"KDP";"Kit de pret"
"3526353000858";"TEROC";"TX D'OCCASION";"PP";"Kit de pret";"KDP";"Kit de pret"
"3526353000889";"TEROC";"TX D'OCCASION";"PP";"Kit de pret";"KDP";"Kit de pret"
"3526353000896";"TEROC";"TX D'OCCASION";"PP";"Kit de pret";"KDP";"Kit de pret"
"3526353000919";"TEROC";"TX D'OCCASION";"PP";"Kit de pret";"KDP";"Kit de pret"
"3526353000933";"TEROC";"TX D'OCCASION";"PP";"Kit de pret";"KDP";"Kit de pret"
"3526353000957";"TEROC";"TX D'OCCASION";"PP";"Kit de pret";"KDP";"Kit de pret"
"3526353000971";"TEROC";"TX D'OCCASION";"PP";"Kit de pret";"KDP";"Kit de pret"
"3526353000995";"TEROC";"TX D'OCCASION";"PP";"Kit de pret";"KDP";"Kit de pret"
"3526353001015";"TEROC";"TX D'OCCASION";"PP";"Kit de pret";"KDP";"Kit de pret"
"3526353001039";"TEROC";"TX D'OCCASION";"PP";"Kit de pret";"KDP";"Kit de pret"
"3526353001053";"TEROC";"TX D'OCCASION";"PP";"Kit de pret";"KDP";"Kit de pret"
"3526353001077";"TEROC";"TX D'OCCASION";"PP";"Kit de pret";"KDP";"Kit de pret"
"3526353001091";"TEROC";"TX D'OCCASION";"PP";"Kit de pret";"KDP";"Kit de pret"
"3526353001190";"TEROC";"TX D'OCCASION";"PP";"Kit de pret";"KDP";"Kit de pret"
"3526353001237";"TEROC";"TX D'OCCASION";"PP";"Kit de pret";"KDP";"Kit de pret"
"3526353001282";"TEROC";"TX D'OCCASION";"PP";"Kit de pret";"KDP";"Kit de pret"
"3526353001305";"TEROC";"TX D'OCCASION";"PP";"Kit de pret";"KDP";"Kit de pret"
"3526353001435";"TEROC";"TX D'OCCASION";"PP";"Kit de pret";"KDP";"Kit de pret"
"3526353001473";"TEROC";"TX D'OCCASION";"PP";"Kit de pret";"KDP";"Kit de pret"
"3526353001480";"TEROC";"TX D'OCCASION";"PP";"Kit de pret";"KDP";"Kit de pret"
"3526353001749";"TEROC";"TX D'OCCASION";"PP";"Kit de pret";"KDP";"Kit de pret"
"3526350007089";"TEROC";"TX D'OCCASION";"PP";"Kit de pret";"KDP";"Kit de pret"
"3526353002753";"TEROC";"TX D'OCCASION";"PP";"Kit de pret";"KDP";"Kit de pret"
"3526353002586";"TEROC";"TX D'OCCASION";"PP";"Kit de pret";"KDP";"Kit de pret"
"3526353002463";"TEROC";"TX D'OCCASION";"PP";"Kit de pret";"KDP";"Kit de pret"
"3526353002340";"TEROC";"TX D'OCCASION";"PP";"Kit de pret";"KDP";"Kit de pret"
"3526353002777";"TEROC";"TX D'OCCASION";"PP";"Kit de pret";"KDP";"Kit de pret"
"3526353002999";"TEROC";"TX D'OCCASION";"PP";"Kit de pret";"KDP";"Kit de pret"
"3526353002838";"TEROC";"TX D'OCCASION";"PP";"Kit de pret";"KDP";"Kit de pret"
"3526353004429";"TEROC";"TX D'OCCASION";"PP";"Kit de pret";"KDP";"Kit de pret"
"3526353004467";"TEROC";"TX D'OCCASION";"PP";"Kit de pret";"KDP";"Kit de pret"
"3526353004825";"TEROC";"TX D'OCCASION";"PP";"Kit de pret";"KDP";"Kit de pret"
"3526353004528";"TEROC";"TX D'OCCASION";"PP";"Kit de pret";"KDP";"Kit de pret"
"3526353004535";"TEROC";"TX D'OCCASION";"PP";"Kit de pret";"KDP";"Kit de pret"
"3526353004603";"TEROC";"TX D'OCCASION";"PP";"Kit de pret";"KDP";"Kit de pret"
"3526353004757";"TEROC";"TX D'OCCASION";"PP";"Kit de pret";"KDP";"Kit de pret"
"3526353004764";"TEROC";"TX D'OCCASION";"PP";"Kit de pret";"KDP";"Kit de pret"
"3526353004917";"TEROC";"TX D'OCCASION";"PP";"Kit de pret";"KDP";"Kit de pret"
"3526353005129";"TEROC";"TX D'OCCASION";"PP";"Kit de pret";"KDP";"Kit de pret"
"3526353005457";"TEROC";"TX D'OCCASION";"PP";"Kit de pret";"KDP";"Kit de pret"
"3526353005877";"TEROC";"TX D'OCCASION";"PP";"Kit de pret";"KDP";"Kit de pret"
"3526353005884";"TEROC";"TX D'OCCASION";"PP";"Kit de pret";"KDP";"Kit de pret"
"3526353007215";"TEROC";"TX D'OCCASION";"PP";"Kit de pret";"KDP";"Kit de pret"
"3526353009059";"TEROC";"TX D'OCCASION";"PP";"Kit de pret";"KDP";"Kit de pret"
"3526353013568";"TEROC";"TX D'OCCASION";"PP";"Kit de pret";"KDP";"Kit de pret"
"3526353014466";"TEROC";"TX D'OCCASION";"PP";"Kit de pret";"KDP";"Kit de pret"
"3526353014145";"TEROC";"TX D'OCCASION";"PP";"Kit de pret";"KDP";"Kit de pret"
"3526353014534";"TEROC";"TX D'OCCASION";"PP";"Kit de pret";"KDP";"Kit de pret"
"3526353014657";"TEROC";"TX D'OCCASION";"PP";"Kit de pret";"KDP";"Kit de pret"
"3526353014749";"TEROC";"TX D'OCCASION";"PP";"Kit de pret";"KDP";"Kit de pret"
"3526353014831";"TEROC";"TX D'OCCASION";"PP";"Kit de pret";"KDP";"Kit de pret"
"3526353014886";"TEROC";"TX D'OCCASION";"PP";"Kit de pret";"KDP";"Kit de pret"
"3526353015050";"TEROC";"TX D'OCCASION";"PP";"Kit de pret";"KDP";"Kit de pret"
"3526353015074";"TEROC";"TX D'OCCASION";"PP";"Kit de pret";"KDP";"Kit de pret"
"3526353015135";"TEROC";"TX D'OCCASION";"PP";"Kit de pret";"KDP";"Kit de pret"
"3526353015586";"TEROC";"TX D'OCCASION";"PP";"Kit de pret";"KDP";"Kit de pret"
"3526353015623";"TEROC";"TX D'OCCASION";"PP";"Kit de pret";"KDP";"Kit de pret"
"3526353015654";"TEROC";"TX D'OCCASION";"PP";"Kit de pret";"KDP";"Kit de pret"
"3526353019478";"TEROC";"TX D'OCCASION";"PP";"Kit de pret";"KDP";"Kit de pret"
"3526353015845";"TEROC";"TX D'OCCASION";"PP";"Kit de pret";"KDP";"Kit de pret"
"3526353015890";"TEROC";"TX D'OCCASION";"PP";"Kit de pret";"KDP";"Kit de pret"
"3526353016200";"TEROC";"TX D'OCCASION";"PP";"Kit de pret";"KDP";"Kit de pret"
"3526353016934";"TEROC";"TX D'OCCASION";"PP";"Kit de pret";"KDP";"Kit de pret"
"3526353018136";"TEROC";"TX D'OCCASION";"PP";"Kit de pret";"KDP";"Kit de pret"
"3526353018600";"TEROC";"TX D'OCCASION";"PP";"Kit de pret";"KDP";"Kit de pret"
"3526353018761";"TEROC";"TX D'OCCASION";"PP";"Kit de pret";"KDP";"Kit de pret"
"3526353020313";"TEROC";"TX D'OCCASION";"PP";"Kit de pret";"KDP";"Kit de pret"
"3526353011342";"TEROC";"TX D'OCCASION";"PP";"Kit de pret";"KDP";"Kit de pret"
"3526353019720";"TEROC";"TX D'OCCASION";"PP";"Kit de pret";"KDP";"Kit de pret"
"3526353018976";"TEROC";"TX D'OCCASION";"PP";"Kit de pret";"KDP";"Kit de pret"
"3526353016798";"TEROC";"TX D'OCCASION";"PP";"Kit de pret";"KDP";"Kit de pret"
"3526353017085";"TEROC";"TX D'OCCASION";"PP";"Kit de pret";"KDP";"Kit de pret"
"3526353015883";"TEROC";"TX D'OCCASION";"PP";"Kit de pret";"KDP";"Kit de pret"
"3526353011175";"TEROC";"TX D'OCCASION";"PP";"Kit de pret";"KDP";"Kit de pret"
"3526353020139";"TEROC";"TX D'OCCASION";"PP";"Kit de pret";"KDP";"Kit de pret"
"3526353020276";"TEROC";"TX D'OCCASION";"PP";"Kit de pret";"KDP";"Kit de pret"
"3526353020238";"TEROC";"TX D'OCCASION";"PP";"Kit de pret";"KDP";"Kit de pret"
"3526353020528";"TEROC";"TX D'OCCASION";"PP";"Kit de pret";"KDP";"Kit de pret"
"3526353020818";"TEROC";"TX D'OCCASION";"PP";"Kit de pret";"KDP";"Kit de pret"
"3526353020856";"TEROC";"TX D'OCCASION";"PP";"Kit de pret";"KDP";"Kit de pret"
"3526353021129";"TEROC";"TX D'OCCASION";"PP";"Kit de pret";"KDP";"Kit de pret"
"3526353009950";"TEROC";"TX D'OCCASION";"PP";"Kit de pret";"KDP";"Kit de pret"
"3526353021259";"TEROC";"TX D'OCCASION";"PP";"Kit de pret";"KDP";"Kit de pret"
"3526353007871";"TEROC";"TX D'OCCASION";"PP";"Kit de pret";"KDP";"Kit de pret"
"3526353021921";"TEROC";"TX D'OCCASION";"PP";"Kit de pret";"KDP";"Kit de pret"
"3526353021273";"TEROC";"TX D'OCCASION";"PP";"Kit de pret";"KDP";"Kit de pret"
"3526353020610";"TEROC";"TX D'OCCASION";"PP";"Kit de pret";"KDP";"Kit de pret"
"3526353020719";"TEROC";"TX D'OCCASION";"PP";"Kit de pret";"KDP";"Kit de pret"
"3526353020832";"TEROC";"TX D'OCCASION";"PP";"Kit de pret";"KDP";"Kit de pret"
"3526353019393";"TEROC";"TX D'OCCASION";"PP";"Kit de pret";"KDP";"Kit de pret"
"3526353022027";"TEROC";"TX D'OCCASION";"PP";"Kit de pret";"KDP";"Kit de pret"
"3526353021976";"TEROC";"TX D'OCCASION";"PP";"Kit de pret";"KDP";"Kit de pret"
"3526353020658";"TEROC";"TX D'OCCASION";"PP";"Kit de pret";"KDP";"Kit de pret"
"3526353020672";"TEROC";"TX D'OCCASION";"PP";"Kit de pret";"KDP";"Kit de pret"
"3526353027572";"TEROC";"TX D'OCCASION";"PP";"Kit de pret";"KDP";"Kit de pret"
"3526353027091";"TEROC";"TX D'OCCASION";"PP";"Kit de pret";"KDP";"Kit de pret"
"3526353027855";"TEROC";"TX D'OCCASION";"PP";"Kit de pret";"KDP";"Kit de pret"
"3526353027893";"TEROC";"TX D'OCCASION";"PP";"Kit de pret";"KDP";"Kit de pret"
"3526353028326";"TEROC";"TX D'OCCASION";"PP";"Kit de pret";"KDP";"Kit de pret"
"3526353035911";"TEROC";"TX D'OCCASION";"PP";"Kit de pret";"KDP";"Kit de pret"
"3526353035799";"TEROC";"TX D'OCCASION";"PP";"Kit de pret";"KDP";"Kit de pret"
"3526353090439";"TER";"TERMINAUX STD";"PP";"Kit de pret";"KDP";"Kit de pret"
"3526356037745";"TER";"TERMINAUX STD";"SN";"Carte Bouygues Telecom";"SIM";"Carte SIM"
"3526353090644";"TER";"TERMINAUX STD";"PP";"Kit de pret";"KDP";"Kit de pret"
"3526353090651";"TER";"TERMINAUX STD";"PP";"Kit de pret";"KDP";"Kit de pret"
"3526353090668";"TEROC";"TX D'OCCASION";"PP";"Kit de pret";"KDP";"Kit de pret"
"3526353090699";"TER";"TERMINAUX STD";"PP";"Kit de pret";"KDP";"Kit de pret"
"3526353090705";"TER";"TERMINAUX STD";"PP";"Kit de pret";"KDP";"Kit de pret"
"3526356038636";"TER";"TERMINAUX STD";"SC";"Carte SIM Cityzi";"SIM";"Carte SIM"
"3526353090996";"TER";"TERMINAUX STD";"PP";"Kit de pret";"KDP";"Kit de pret"
"3526353090972";"TER";"TERMINAUX STD";"PP";"Kit de pret";"KDP";"Kit de pret"
"3526353090989";"TER";"TERMINAUX STD";"PP";"Kit de pret";"KDP";"Kit de pret"
"3526353091085";"TER";"TERMINAUX STD";"PP";"Kit de pret";"KDP";"Kit de pret"
"3526353091092";"TER";"TERMINAUX STD";"PP";"Kit de pret";"KDP";"Kit de pret"
"3526353091207";"TER";"TERMINAUX STD";"PP";"Kit de pret";"KDP";"Kit de pret"
"3526356039213";"TEROC";"TX D'OCCASION";"SN";"Carte Bouygues Telecom";"SIM";"Carte SIM"
"3526353091375";"TER";"TERMINAUX STD";"PP";"Kit de pret";"KDP";"Kit de pret"
"3526356039244";"TEROC";"TX D'OCCASION";"SF";"Carte SIM Forfait";"SIM";"Carte SIM"
"3526356039251";"TEROC";"TX D'OCCASION";"SF";"Carte SIM Forfait";"SIM";"Carte SIM"
"3526356039282";"TEROC";"TX D'OCCASION";"SF";"Carte SIM Forfait";"SIM";"Carte SIM"
"3526356039220";"TEROC";"TX D'OCCASION";"SN";"Carte Bouygues Telecom";"SIM";"Carte SIM"
"3526356039237";"TEROC";"TX D'OCCASION";"SN";"Carte Bouygues Telecom";"SIM";"Carte SIM"
"3526356039299";"TEROC";"TX D'OCCASION";"SU";"Carte SIM UM";"SIM";"Carte SIM"
"3526356039305";"TEROC";"TX D'OCCASION";"SU";"Carte SIM UM";"SIM";"Carte SIM"
"3526353091603";"TER";"TERMINAUX STD";"PP";"Kit de pret";"KDP";"Kit de pret"
"3526353091597";"TER";"TERMINAUX STD";"PP";"Kit de pret";"KDP";"Kit de pret"
"3526353091610";"TER";"TERMINAUX STD";"PP";"Kit de pret";"KDP";"Kit de pret"
"3526353091382";"TER";"TERMINAUX STD";"PP";"Kit de pret";"KDP";"Kit de pret"
"3526356039930";"TEROC";"TX D'OCCASION";"SC";"Carte SIM Cityzi";"SIM";"Carte SIM"
"3526356039947";"TEROC";"TX D'OCCASION";"SC";"Carte SIM Cityzi";"SIM";"Carte SIM"
"3526356039954";"TEROC";"TX D'OCCASION";"SN";"Carte Bouygues Telecom";"SIM";"Carte SIM"
"3526356039961";"TEROC";"TX D'OCCASION";"SN";"Carte Bouygues Telecom";"SIM";"Carte SIM"
"3526356039978";"TEROC";"TX D'OCCASION";"SN";"Carte Bouygues Telecom";"SIM";"Carte SIM"
"3526356039985";"TEROC";"TX D'OCCASION";"SN";"Carte Bouygues Telecom";"SIM";"Carte SIM"
"3526353091801";"TER";"TERMINAUX STD";"PP";"Kit de pret";"KDP";"Kit de pret"
"3526356039329";"TEROC";"TX D'OCCASION";"SP";"Sim SAV Nano";"SIM";"Carte SIM"
"3526356039312";"TEROC";"TX D'OCCASION";"SD";"Sim SAV Double Dcoupe";"SIM";"Carte SIM"
"3526353092051";"TER";"TERMINAUX STD";"PP";"Kit de pret";"KDP";"Kit de pret"
"3526353092068";"TEROC";"TX D'OCCASION";"PP";"Kit de pret";"KDP";"Kit de pret"
"3526353092075";"TER";"TERMINAUX STD";"PP";"Kit de pret";"KDP";"Kit de pret"
"3526353092143";"TER";"TERMINAUX STD";"PP";"Kit de pret";"KDP";"Kit de pret"
"3526356040776";"TEROC";"TX D'OCCASION";"SN";"Carte Bouygues Telecom";"SIM";"Carte SIM"
"3526356040783";"TEROC";"TX D'OCCASION";"SN";"Carte Bouygues Telecom";"SIM";"Carte SIM"
"3526356041087";"TER";"TERMINAUX STD";"SF";"Carte SIM Forfait";"SIM";"Carte SIM"
"3526353092556";"TER";"TERMINAUX STD";"PP";"Kit de pret";"KDP";"Kit de pret"
"3526353092563";"TER";"TERMINAUX STD";"PP";"Kit de pret";"KDP";"Kit de pret"
"9999991007406";"TEROC";"TX D'OCCASION";"SC";"Carte SIM Cityzi";"SIM";"Carte SIM"
"3526356041315";"TEROC";"TX D'OCCASION";"SC";"Carte SIM Cityzi";"SIM";"Carte SIM"
"3526353092587";"TER";"TERMINAUX STD";"PP";"Kit de pret";"KDP";"Kit de pret"
"3526356041506";"TEROC";"TX D'OCCASION";"SC";"Carte SIM Cityzi";"SIM";"Carte SIM"
"3526356041643";"TER";"TERMINAUX STD";"SC";"Carte SIM Cityzi";"SIM";"Carte SIM"
"3526356041650";"TEROC";"TX D'OCCASION";"SC";"Carte SIM Cityzi";"SIM";"Carte SIM"
"3526356041667";"TEROC";"TX D'OCCASION";"SC";"Carte SIM Cityzi";"SIM";"Carte SIM"
"3526356041636";"TER";"TERMINAUX STD";"SN";"Carte Bouygues Telecom";"SIM";"Carte SIM"
"3526356041674";"TER";"TERMINAUX STD";"SN";"Carte Bouygues Telecom";"SIM";"Carte SIM"
"3526353092679";"TER";"TERMINAUX STD";"PP";"Kit de pret";"KDP";"Kit de pret"
"3526353092686";"TER";"TERMINAUX STD";"PP";"Kit de pret";"KDP";"Kit de pret"
"3526353092662";"TER";"TERMINAUX STD";"PP";"Kit de pret";"KDP";"Kit de pret"
"3526353092907";"TER";"TERMINAUX STD";"PP";"Kit de pret";"KDP";"Kit de pret"
"9999991007802";"TER";"TERMINAUX STD";"SN";"Carte Bouygues Telecom";"SIM";"Carte SIM"
"9999991007796";"TER";"TERMINAUX STD";"SN";"Carte Bouygues Telecom";"SIM";"Carte SIM"
"3526356044033";"TER";"TERMINAUX STD";"SN";"Carte Bouygues Telecom";"SIM";"Carte SIM"
"3526353092969";"TEROC";"TX D'OCCASION";"PP";"Kit de pret";"KDP";"Kit de pret"
"3526353092976";"TER";"TERMINAUX STD";"PP";"Kit de pret";"KDP";"Kit de pret"
"3526353092983";"TER";"TERMINAUX STD";"PP";"Kit de pret";"KDP";"Kit de pret"
"3526353093034";"TEROC";"TX D'OCCASION";"PP";"Kit de pret";"KDP";"Kit de pret"
"3526353093027";"TER";"TERMINAUX STD";"PP";"Kit de pret";"KDP";"Kit de pret"
"3526356044637";"TER";"TERMINAUX STD";"SN";"Carte Bouygues Telecom";"SIM";"Carte SIM"
"3526353093249";"TER";"TERMINAUX STD";"PP";"Kit de pret";"KDP";"Kit de pret"
"3526353093300";"TER";"TERMINAUX STD";"PP";"Kit de pret";"KDP";"Kit de pret"
"3526353093270";"TER";"TERMINAUX STD";"PP";"Kit de pret";"KDP";"Kit de pret"
"3526353093232";"TER";"TERMINAUX STD";"PP";"Kit de pret";"KDP";"Kit de pret"
"3526353093294";"TER";"TERMINAUX STD";"PP";"Kit de pret";"KDP";"Kit de pret"
"3526353093256";"TER";"TERMINAUX STD";"PP";"Kit de pret";"KDP";"Kit de pret"
"3526353093225";"TER";"TERMINAUX STD";"PP";"Kit de pret";"KDP";"Kit de pret"
"3526353093287";"TER";"TERMINAUX STD";"PP";"Kit de pret";"KDP";"Kit de pret"
"3526353093263";"TER";"TERMINAUX STD";"PP";"Kit de pret";"KDP";"Kit de pret"
"3526353093331";"TER";"TERMINAUX STD";"PP";"Kit de pret";"KDP";"Kit de pret"
"3526353093317";"TER";"TERMINAUX STD";"PP";"Kit de pret";"KDP";"Kit de pret"
"3526353093324";"TER";"TERMINAUX STD";"PP";"Kit de pret";"KDP";"Kit de pret"
"3526356044842";"TER";"TERMINAUX STD";"SN";"Carte Bouygues Telecom";"SIM";"Carte SIM"
"3526356044958";"TER";"TERMINAUX STD";"SN";"Carte Bouygues Telecom";"SIM";"Carte SIM"
"3526356045481";"TER";"TERMINAUX STD";"SN";"Carte Bouygues Telecom";"SIM";"Carte SIM"
"3526353093638";"CLE";"CLE";"PF";"Kit de pret FAI";"KDP_F";"Kit de pret FAI"
"3526356045498";"TER";"TERMINAUX STD";"SI";"Carte SIM FAI";"SIM_F";"Carte SIM FAI"
"3526350064068";"CLE";"CLE";"PF";"Kit de pret FAI";"KDP_F";"Kit de pret FAI"
"3526356046143";"TER";"TERMINAUX STD";"SN";"Carte Bouygues Telecom";"SIM";"Carte SIM"
"3526353093713";"TER";"TERMINAUX STD";"PP";"Kit de pret";"KDP";"Kit de pret"
"3526353093751";"TER";"TERMINAUX STD";"PP";"Kit de pret";"KDP";"Kit de pret"
"3526356047249";"TER";"TERMINAUX STD";"SD";"Sim SAV Double Dcoupe";"SIM";"Carte SIM"
"3526356047201";"TER";"TERMINAUX STD";"SF";"Carte SIM Forfait";"SIM";"Carte SIM"
"3526356047218";"TER";"TERMINAUX STD";"SN";"Carte Bouygues Telecom";"SIM";"Carte SIM"
"3526356047225";"TEROC";"TX D'OCCASION";"SU";"Carte SIM UM";"SIM";"Carte SIM"
"9999991009523";"TEROC";"TX D'OCCASION";"SF";"Carte SIM Forfait";"SIM";"Carte SIM"
"3526356047737";"TER";"TERMINAUX STD";"SF";"Carte SIM Forfait";"SIM";"Carte SIM"
"3526356047669";"TER";"TERMINAUX STD";"SI";"Carte SIM FAI";"SIM_F";"Carte SIM FAI"
"3526356047652";"TER";"TERMINAUX STD";"SN";"Carte Bouygues Telecom";"SIM";"Carte SIM"
"3526356047676";"TER";"TERMINAUX STD";"SN";"Carte Bouygues Telecom";"SIM";"Carte SIM"
"3526356047706";"TER";"TERMINAUX STD";"SN";"Carte Bouygues Telecom";"SIM";"Carte SIM"
"3526356047713";"TER";"TERMINAUX STD";"SN";"Carte Bouygues Telecom";"SIM";"Carte SIM"
"3526356047720";"TER";"TERMINAUX STD";"SN";"Carte Bouygues Telecom";"SIM";"Carte SIM"
"3526353094109";"TER";"TERMINAUX STD";"PP";"Kit de pret";"KDP";"Kit de pret"
"3526353094116";"TER";"TERMINAUX STD";"PP";"Kit de pret";"KDP";"Kit de pret"
"3526353094123";"TER";"TERMINAUX STD";"PP";"Kit de pret";"KDP";"Kit de pret"
"3526353094154";"TER";"TERMINAUX STD";"PP";"Kit de pret";"KDP";"Kit de pret"
"3526353094161";"TER";"TERMINAUX STD";"PP";"Kit de pret";"KDP";"Kit de pret"
"3526353094147";"TER";"TERMINAUX STD";"PP";"Kit de pret";"KDP";"Kit de pret"
"3526353094178";"TEROC";"TX D'OCCASION";"PP";"Kit de pret";"KDP";"Kit de pret"
"3526353094215";"TER";"TERMINAUX STD";"PP";"Kit de pret";"KDP";"Kit de pret"
